ID#,Topflight,Balance,Qual_miles,cc1_miles?,cc2_miles?,cc3_miles?,Bonus_miles,Bonus_trans,Flight_miles_12mo,Flight_trans_12,Online_12,Email,Club_member,Any_cc_miles_12mo,Phone_sale
4008,No,59017,0,Yes,No,No,34746,25,0,0,1,Yes,No,Yes,No
4009,No,34235,0,Yes,No,No,18910,7,250,1,0,Yes,No,Yes,No
4010,No,11933,0,No,No,No,249,3,79,1,0,Yes,No,No,No
4011,No,5000,0,No,No,No,2125,3,0,0,0,Yes,No,No,Yes
4012,No,2622,0,No,No,No,1625,6,0,0,0,No,Yes,No,Yes
4013,No,11310,0,Yes,No,No,5021,2,0,0,0,Yes,No,Yes,No
4014,No,39142,0,Yes,No,No,14981,28,0,0,0,Yes,No,Yes,Yes
4015,No,11181,0,No,Yes,No,929,12,0,0,0,Yes,No,Yes,No
4016,No,3974,0,No,No,No,365,3,0,0,0,No,No,No,No
4017,No,18476,0,No,No,No,8525,4,200,1,0,Yes,No,No,No
4018,No,64385,0,No,No,No,981,5,0,0,0,Yes,No,No,Yes
4019,Yes,73597,0,Yes,No,No,25447,8,0,0,0,Yes,No,Yes,No
4020,No,54899,0,No,No,No,500,1,500,1,0,Yes,No,No,No
4021,No,3016,0,No,No,No,0,0,0,0,0,Yes,No,No,Yes
4022,No,6690,0,No,No,No,40,2,0,0,0,Yes,No,No,No
4023,No,13431,0,No,No,No,2643,4,0,0,0,Yes,No,No,No
4024,Yes,64048,0,Yes,No,No,69754,15,150,1,0,Yes,No,Yes,No
4025,No,33239,0,Yes,No,No,667,3,0,0,0,No,No,Yes,No
4026,No,22030,0,Yes,Yes,No,13103,15,0,0,0,Yes,No,Yes,No
4027,No,7375,0,No,No,No,3000,16,0,0,0,Yes,No,No,No
4028,No,51307,4640,No,No,No,580,3,0,0,0,Yes,No,No,No
4029,No,27227,0,Yes,No,No,36282,22,0,0,0,Yes,No,Yes,No
4030,No,64105,0,Yes,No,No,28646,10,0,0,0,No,No,Yes,No
4031,No,39900,0,Yes,No,No,15840,2,0,0,0,No,No,Yes,No
4032,No,9521,0,No,No,No,1250,3,0,0,0,Yes,No,No,No
4033,No,80255,0,Yes,No,No,15814,16,0,0,0,Yes,No,Yes,No
4034,No,52514,0,Yes,No,No,29969,23,250,1,0,Yes,No,Yes,No
4035,No,53842,0,Yes,Yes,No,11641,16,0,0,0,Yes,No,Yes,No
4036,No,55496,1000,Yes,No,No,23605,9,300,2,0,Yes,No,Yes,No
4037,No,30249,0,Yes,Yes,No,50547,48,0,0,0,Yes,No,Yes,No
4038,No,1710,0,No,No,No,140,2,0,0,0,Yes,No,No,No
4039,No,28217,0,No,No,No,1197,3,1197,3,0,Yes,No,No,No
4040,No,33027,0,Yes,No,No,37706,15,0,0,0,Yes,No,Yes,No
4041,No,81192,6914,Yes,No,No,10644,14,500,1,0,Yes,No,Yes,No
4042,No,44381,0,No,No,No,953,4,773,2,0,Yes,No,No,Yes
4043,Yes,55338,5123,Yes,No,No,17254,17,800,2,0,Yes,No,Yes,No
4044,No,21212,0,Yes,Yes,No,8759,13,0,0,0,Yes,No,Yes,No
4045,No,5692,0,No,No,No,0,0,0,0,0,No,No,No,No
4046,No,128039,0,Yes,No,No,49045,13,0,0,0,No,No,Yes,No
4047,No,47051,0,Yes,No,No,7179,11,500,1,0,Yes,No,Yes,No
4048,No,181209,0,Yes,No,No,39722,21,0,0,0,Yes,No,Yes,No
4049,No,3890,0,Yes,No,No,342,11,0,0,0,No,No,Yes,No
4050,No,4,0,No,No,No,460,1,0,0,0,No,No,No,No
4051,Yes,53465,0,No,No,No,358,3,150,1,0,Yes,No,No,No
4052,No,6875,0,No,No,No,2125,10,0,0,0,Yes,No,No,No
4053,No,1966,733,No,No,No,0,0,0,0,0,Yes,No,No,No
4054,No,35764,0,Yes,No,No,28450,23,800,2,0,Yes,Yes,Yes,Yes
4055,No,21030,0,Yes,No,No,2409,9,0,0,0,Yes,No,Yes,No
4056,No,96583,0,Yes,No,No,22818,23,0,0,0,Yes,No,Yes,No
4057,No,19763,0,No,Yes,No,2434,9,0,0,0,No,No,Yes,No
4058,No,20107,0,Yes,No,No,18785,15,0,0,0,Yes,No,Yes,Yes
4059,No,75068,783,No,No,No,6781,7,4316,4,0,Yes,No,No,No
4060,No,27012,0,No,No,No,3500,7,0,0,0,Yes,No,No,No
4061,No,17417,0,Yes,No,No,3035,7,0,0,0,Yes,No,Yes,No
4062,No,34273,0,No,No,No,200,3,200,3,0,Yes,No,No,No
4063,No,187247,0,Yes,No,No,30129,25,0,0,0,Yes,No,Yes,No
4064,No,15124,0,No,No,No,290,3,0,0,0,Yes,No,No,No
4065,No,10290,0,Yes,No,No,1365,12,0,0,0,No,No,Yes,No
4066,No,11845,0,No,No,No,0,0,0,0,0,Yes,No,No,No
4067,No,1000,0,No,No,No,1000,1,0,0,0,Yes,No,No,No
4068,No,11938,0,No,No,No,0,0,0,0,0,Yes,No,No,No
4069,No,55940,0,No,No,No,1000,1,0,0,0,Yes,No,No,No
4070,No,55165,0,Yes,No,No,17226,8,0,0,0,Yes,No,Yes,No
4071,No,9756,0,No,No,No,950,4,950,4,0,Yes,No,No,No
4072,No,22103,0,No,No,No,2100,4,500,1,0,Yes,No,No,No
4073,No,11216,0,Yes,No,No,12299,14,100,2,0,Yes,No,Yes,No
4074,No,30278,0,No,No,No,0,0,0,0,0,No,No,No,No
4075,No,100053,0,Yes,No,No,77517,14,0,0,0,No,No,Yes,No
4076,Yes,96426,0,No,No,No,6300,26,2800,22,0,Yes,No,No,No
4077,No,20986,0,No,No,No,365,3,0,0,0,No,No,No,No
4078,No,76337,0,Yes,No,No,26960,32,0,0,0,Yes,No,Yes,No
4079,No,50771,0,Yes,No,No,67148,54,19165,17,9,Yes,No,Yes,Yes
4080,No,24357,0,No,No,No,0,0,0,0,0,Yes,No,No,No
4082,No,8103,0,No,No,No,0,0,0,0,0,Yes,No,No,No
4083,No,2875,0,No,No,No,1500,5,0,0,0,Yes,No,No,No
4084,No,8905,0,No,No,No,2250,10,0,0,0,No,No,No,No
4085,No,19762,0,No,No,No,0,0,0,0,0,Yes,No,No,No
4086,Yes,105315,1614,No,No,No,11100,8,1100,7,0,Yes,No,No,No
4087,No,8194,0,No,No,No,15,1,0,0,0,Yes,No,No,No
4088,No,64165,0,Yes,Yes,No,13512,19,0,0,0,Yes,No,Yes,No
4089,No,20738,0,No,No,No,650,2,0,0,0,No,No,No,No
4090,No,22325,0,No,No,No,465,4,200,1,0,Yes,No,No,No
4091,Yes,37068,0,No,No,No,3100,3,600,2,0,Yes,No,No,No
4092,No,92906,0,Yes,No,No,55180,17,0,0,0,Yes,No,Yes,No
4093,Yes,41472,1000,No,No,No,2700,3,200,2,0,Yes,No,No,No
4094,No,115307,0,Yes,No,No,40964,18,1000,2,0,Yes,No,Yes,Yes
4095,No,2068,0,No,No,No,330,1,0,0,0,No,No,No,No
4096,No,10781,0,No,No,No,0,0,0,0,0,Yes,No,No,No
4097,No,18671,0,Yes,No,No,15350,2,0,0,0,Yes,No,Yes,No
4098,No,27768,4132,Yes,No,No,15592,16,0,0,0,Yes,No,Yes,Yes
4099,No,34374,0,No,No,No,1016,3,700,2,0,Yes,No,No,No
4100,No,51028,0,Yes,No,No,15706,14,0,0,0,Yes,No,Yes,No
4101,No,8953,0,No,No,No,3250,19,0,0,0,Yes,No,No,No
4102,No,36632,0,Yes,No,No,5507,13,0,0,0,Yes,No,Yes,No
4103,No,27117,0,No,No,No,0,0,0,0,0,No,No,No,Yes
4104,No,17202,0,No,No,No,2590,11,0,0,0,Yes,No,No,No
4105,No,4805,0,No,No,No,1875,8,0,0,0,Yes,No,No,No
4106,No,9095,0,No,No,No,0,0,0,0,0,Yes,No,No,No
4107,No,33820,0,No,No,No,500,1,500,1,0,No,No,No,Yes
4108,No,56183,0,Yes,No,No,15250,24,0,0,11,Yes,No,Yes,Yes
4109,No,101443,0,Yes,No,No,19799,25,0,0,0,Yes,No,Yes,No
4110,No,23827,0,Yes,No,No,2527,12,0,0,0,No,No,Yes,No
4111,No,42318,0,Yes,No,No,29208,6,0,0,0,Yes,No,Yes,Yes
4112,Yes,104801,0,Yes,No,No,36189,11,750,2,0,Yes,No,Yes,No
4113,No,11736,0,No,No,No,500,1,500,1,0,Yes,No,No,No
4114,Yes,46763,1952,Yes,No,No,23863,32,7500,15,0,Yes,No,Yes,No
4115,No,50539,0,No,No,No,509,3,0,0,0,Yes,No,No,Yes
4116,No,27334,0,Yes,No,No,30642,15,0,0,0,Yes,No,Yes,No
4117,Yes,361781,2593,No,No,No,13000,4,500,1,0,Yes,Yes,No,Yes
4118,Yes,107776,0,No,No,No,14300,10,3800,8,0,Yes,No,No,No
4119,No,78339,0,No,Yes,No,20516,13,0,0,0,No,No,Yes,No
4120,Yes,77696,0,Yes,No,No,39209,10,0,0,0,Yes,No,Yes,No
4121,No,14077,0,No,No,No,25000,5,0,0,0,Yes,No,No,No
4122,No,26621,0,No,No,No,4353,15,500,1,0,Yes,No,No,No
4123,No,36123,0,Yes,No,No,42882,43,250,1,0,Yes,No,Yes,No
4124,No,21867,846,Yes,No,No,7657,6,100,1,0,Yes,No,Yes,Yes
4125,No,32332,0,Yes,No,No,49975,19,0,0,1,Yes,No,Yes,No
4126,No,27201,0,No,No,No,3130,5,0,0,0,Yes,No,No,No
4127,No,28324,0,Yes,No,No,5012,12,0,0,0,No,No,Yes,No
4128,No,122170,0,Yes,No,No,38930,13,0,0,0,No,No,Yes,No
4129,No,186230,0,Yes,No,No,32653,19,0,0,0,No,No,Yes,No
4130,No,20625,0,No,No,No,1725,4,0,0,0,Yes,No,No,No
4131,No,18831,0,No,No,No,0,0,0,0,0,Yes,No,No,No
4132,No,7470,0,No,No,No,0,0,0,0,0,No,No,No,No
4133,Yes,55542,0,Yes,No,No,17837,16,850,3,0,Yes,No,Yes,No
4134,No,27087,0,No,No,No,1250,4,250,3,0,Yes,No,No,No
4135,No,29007,0,No,No,No,4358,25,1448,7,0,Yes,No,No,No
4136,No,12378,0,No,No,No,0,0,0,0,0,Yes,No,No,No
4137,Yes,59767,0,Yes,Yes,No,10002,15,300,1,0,Yes,No,Yes,Yes
4138,No,67418,0,Yes,No,No,33474,11,0,0,0,Yes,No,Yes,Yes
4139,Yes,73909,2475,No,No,No,1700,5,1700,5,0,Yes,No,No,No
4140,No,8254,0,Yes,No,No,17747,13,0,0,0,Yes,No,Yes,No
4141,Yes,87874,1518,Yes,No,No,31394,12,1050,2,0,Yes,No,Yes,No
4142,No,17069,0,No,No,No,0,0,0,0,0,No,No,No,No
4143,No,1100,0,No,No,No,0,0,0,0,0,Yes,No,No,No
4144,No,34840,0,Yes,No,No,20476,20,0,0,0,Yes,No,Yes,No
4145,No,13244,0,Yes,No,No,16272,3,0,0,0,Yes,No,Yes,No
4146,No,34241,0,Yes,Yes,No,3937,13,0,0,0,Yes,No,Yes,No
4147,No,23785,0,No,No,No,3383,3,0,0,0,Yes,No,No,No
4148,No,22756,0,Yes,No,No,9214,8,1500,3,0,No,No,Yes,No
4149,No,46250,0,Yes,No,No,26088,7,0,0,0,Yes,No,Yes,No
4150,No,18941,590,Yes,No,No,11745,14,300,3,0,No,No,Yes,No
4151,Yes,58853,0,No,No,No,350,1,350,1,0,Yes,No,No,Yes
4152,No,9150,0,No,No,No,1500,3,1500,3,0,No,No,No,No
4153,No,48537,0,Yes,No,No,30779,16,350,2,0,Yes,No,Yes,Yes
4154,No,148746,0,Yes,No,No,41080,20,400,1,1,Yes,Yes,Yes,Yes
4155,No,39371,0,No,No,No,2125,3,0,0,0,Yes,No,No,No
4156,No,38344,0,No,No,No,0,0,0,0,0,No,No,No,No
4157,No,14351,0,No,Yes,No,503,9,0,0,0,No,No,Yes,No
4158,No,51963,0,Yes,No,No,12329,21,0,0,9,Yes,No,Yes,No
4159,No,78262,0,Yes,No,No,38044,15,0,0,0,Yes,No,Yes,Yes
4160,No,148592,0,Yes,No,No,52579,14,0,0,0,Yes,No,Yes,No
4161,No,27887,0,No,No,No,0,0,0,0,0,Yes,No,No,No
4162,Yes,23041,0,No,No,No,12650,7,2150,5,0,Yes,No,No,No
4163,No,12926,0,No,No,No,0,0,0,0,0,Yes,No,No,No
4164,Yes,137132,0,Yes,No,No,41382,23,300,3,0,Yes,No,Yes,No
4165,No,23885,0,No,Yes,No,205,3,0,0,0,Yes,No,Yes,No
4166,No,4116,0,No,No,No,1750,4,0,0,0,Yes,No,No,Yes
4167,Yes,27670,500,No,No,No,10000,24,3350,19,0,Yes,No,No,No
4168,No,186234,0,Yes,No,No,61452,12,0,0,0,Yes,No,Yes,No
4169,Yes,40079,0,No,No,No,4600,5,1000,2,0,Yes,No,No,Yes
4170,Yes,200293,2916,No,No,No,13850,12,2850,10,0,Yes,Yes,No,Yes
4171,No,6035,0,No,No,No,155,2,0,0,0,Yes,No,No,No
4172,No,15167,0,No,No,No,500,1,0,0,0,No,No,No,No
4173,No,21172,0,Yes,No,No,9518,13,300,1,0,Yes,No,Yes,No
4174,No,69615,0,Yes,No,No,72566,17,150,1,0,Yes,No,Yes,No
4175,No,36183,0,No,No,No,2300,7,2300,7,0,Yes,No,No,No
4176,Yes,9612,0,Yes,No,No,71272,34,19140,19,0,Yes,No,Yes,No
4177,No,8709,0,No,No,No,0,0,0,0,0,Yes,No,No,No
4178,No,18218,0,No,No,No,1375,4,0,0,0,Yes,No,No,No
4179,No,16617,0,Yes,No,No,6534,14,0,0,0,Yes,No,Yes,No
4180,No,132049,0,Yes,No,No,55657,23,0,0,0,Yes,No,Yes,No
4181,No,18851,0,Yes,No,No,2910,7,0,0,0,No,No,Yes,No
4182,No,40119,0,Yes,No,No,18459,15,0,0,0,Yes,No,Yes,Yes
4183,No,33533,0,No,No,No,100,1,100,1,0,Yes,No,No,No
4184,No,25375,0,No,No,No,205,3,0,0,0,No,No,No,No
4185,No,9474,0,No,No,No,1500,3,1500,3,0,No,No,No,No
4186,No,12797,0,No,No,No,0,0,0,0,0,No,No,No,No
4187,No,24265,0,Yes,No,No,595,3,0,0,0,Yes,No,Yes,No
4188,No,58293,0,Yes,No,No,32095,12,0,0,0,Yes,No,Yes,Yes
4189,No,67451,0,No,No,No,0,0,0,0,0,Yes,No,No,No
4190,No,82195,2254,Yes,No,No,38965,12,0,0,0,Yes,No,Yes,No
4191,No,23750,0,No,No,No,0,0,0,0,0,No,No,No,No
4192,No,66500,0,Yes,No,No,26084,32,0,0,0,No,No,Yes,No
4193,No,30360,0,Yes,No,No,1620,3,0,0,0,Yes,No,Yes,Yes
4194,No,70342,0,Yes,No,No,18706,16,0,0,0,Yes,No,Yes,No
4195,No,74132,0,Yes,No,No,14365,13,0,0,0,Yes,No,Yes,No
4196,No,29611,0,No,No,No,0,0,0,0,0,Yes,No,No,No
4197,Yes,129215,2224,Yes,No,No,199324,35,0,0,0,Yes,Yes,Yes,Yes
4198,No,3684,0,No,No,No,0,0,0,0,0,Yes,No,No,No
4199,No,4678,0,No,No,No,500,1,0,0,0,Yes,No,No,No
4200,No,1399,0,No,No,No,0,0,0,0,0,Yes,No,No,No
4201,No,30978,0,Yes,No,No,7650,13,0,0,0,No,No,Yes,No
4202,No,19386,0,Yes,No,No,27694,23,0,0,0,Yes,No,Yes,No
4203,No,9599,0,Yes,No,No,14618,13,0,0,0,No,No,Yes,Yes
4204,No,35906,0,Yes,Yes,No,6624,13,0,0,0,Yes,No,Yes,No
4205,No,6639,0,No,No,No,0,0,0,0,0,No,No,No,No
4206,No,2652,0,No,No,No,0,0,0,0,0,No,No,No,No
4207,No,42936,0,Yes,No,No,11650,14,0,0,0,Yes,No,Yes,No
4208,No,21366,0,Yes,No,No,3332,14,0,0,0,Yes,No,Yes,No
4209,No,52591,0,Yes,No,No,15645,13,0,0,0,No,No,Yes,No
4210,No,12034,0,No,Yes,No,7274,12,0,0,0,Yes,No,Yes,No
4211,No,2219,0,No,No,No,100,1,0,0,0,Yes,No,No,No
4212,Yes,29724,0,No,No,No,4500,3,500,1,0,Yes,No,No,No
4213,No,21045,0,No,No,No,2500,6,0,0,0,Yes,No,No,No
4214,No,9760,0,Yes,No,No,5465,3,0,0,0,Yes,No,Yes,Yes
4215,No,38777,0,No,No,No,11557,13,2557,12,0,Yes,No,No,No
4216,No,4998,0,No,No,No,1200,3,200,2,0,Yes,No,No,No
4217,No,25078,1555,Yes,No,No,3876,13,0,0,0,No,No,Yes,No
4218,Yes,99422,0,No,No,No,34414,12,27914,6,0,Yes,No,No,No
4219,Yes,40778,0,Yes,No,No,6295,5,0,0,0,Yes,No,Yes,No
4220,No,37427,0,No,No,No,3320,6,1500,3,3,Yes,No,No,No
4221,No,18286,0,No,No,No,1550,12,1550,12,0,No,No,No,No
4222,No,38282,0,Yes,No,No,27896,22,0,0,0,Yes,No,Yes,No
4223,No,20648,0,No,No,No,10475,8,0,0,0,Yes,No,No,No
4224,No,38993,0,No,No,No,0,0,0,0,0,No,No,No,No
4225,Yes,49880,957,Yes,No,No,35057,54,7336,19,0,Yes,No,Yes,Yes
4226,Yes,222428,0,No,No,No,20925,23,9000,18,0,Yes,Yes,No,Yes
4227,No,24755,0,No,No,No,4875,16,0,0,0,Yes,No,No,No
4228,Yes,7772,0,No,No,No,0,0,0,0,0,Yes,No,No,No
4229,No,42522,0,Yes,No,No,14804,24,950,2,1,Yes,No,Yes,Yes
4230,No,50536,0,Yes,No,No,16380,8,0,0,0,Yes,No,Yes,No
4231,No,11941,0,No,No,No,1875,9,0,0,0,Yes,No,No,No
4232,No,73099,0,Yes,No,No,15010,7,0,0,0,No,No,Yes,Yes
4233,No,2000,0,No,No,No,1350,4,1000,2,0,Yes,No,No,No
4234,No,52067,0,Yes,No,No,21929,14,0,0,0,No,No,Yes,No
4235,No,35155,0,Yes,No,No,24250,8,0,0,0,Yes,No,Yes,No
4236,No,40432,0,Yes,No,No,22869,17,0,0,0,No,No,Yes,No
4237,Yes,24883,0,Yes,No,No,60170,24,2000,4,0,Yes,No,Yes,No
4238,No,9064,0,No,No,No,0,0,0,0,0,No,No,No,No
4239,No,15390,0,Yes,No,No,13071,15,0,0,0,Yes,No,Yes,Yes
4240,No,90947,0,Yes,No,No,24905,13,0,0,0,Yes,No,Yes,Yes
4241,Yes,22115,0,No,No,No,0,0,0,0,0,Yes,No,No,No
4242,No,17283,0,Yes,No,No,21260,10,0,0,0,No,No,Yes,No
4243,No,14278,0,No,No,No,0,0,0,0,0,Yes,No,No,No
4244,No,4001,0,Yes,No,No,3160,6,0,0,0,Yes,No,Yes,No
4245,No,27129,0,Yes,No,No,36506,28,0,0,0,No,No,Yes,No
4246,No,3516,0,No,No,No,0,0,0,0,0,Yes,No,No,No
4247,No,17503,0,Yes,No,No,11335,2,0,0,0,Yes,No,Yes,No
4248,No,30203,0,No,No,No,75,3,0,0,0,Yes,No,No,No
4249,No,20010,0,Yes,Yes,No,8953,18,0,0,0,Yes,No,Yes,No
4250,No,40775,0,Yes,No,No,8441,15,0,0,0,No,No,Yes,No
4251,No,39742,0,No,No,No,1582,4,590,1,0,Yes,No,No,No
4252,No,54264,0,Yes,No,No,1283,3,0,0,0,Yes,No,Yes,No
4253,No,23080,0,Yes,No,No,5739,10,0,0,0,Yes,No,Yes,No
4254,No,8296,0,No,No,No,0,0,0,0,0,Yes,No,No,No
4255,No,168731,0,Yes,No,No,40757,13,0,0,0,Yes,No,Yes,No
4256,No,7551,0,Yes,No,No,1945,3,0,0,0,Yes,No,Yes,No
4257,Yes,44509,5129,No,No,No,3100,3,0,0,0,Yes,No,No,No
4258,No,8981,0,No,No,No,0,0,0,0,0,No,No,No,No
4259,No,29595,0,Yes,No,No,47581,15,0,0,0,No,No,Yes,No
4260,Yes,117445,0,Yes,No,No,89660,88,1584,3,0,Yes,No,Yes,Yes
4261,No,639,0,No,No,No,840,1,0,0,0,Yes,No,No,No
4262,No,76371,0,Yes,No,No,15244,12,0,0,0,No,No,Yes,No
4263,No,12502,0,Yes,Yes,No,8569,19,0,0,0,Yes,Yes,Yes,Yes
4264,No,27723,0,Yes,Yes,No,11246,11,0,0,0,Yes,No,Yes,No
4265,No,59464,0,Yes,No,No,34701,19,100,1,0,Yes,No,Yes,No
4266,No,69590,0,Yes,No,No,23584,19,0,0,0,No,No,Yes,No
4267,Yes,216850,0,No,No,No,18200,38,8200,37,0,Yes,No,No,No
4268,No,37806,0,No,No,No,5000,19,0,0,0,Yes,No,No,No
4269,No,24246,0,No,No,No,1066,4,0,0,0,Yes,No,No,No
4270,No,122352,0,Yes,No,No,43258,18,0,0,0,Yes,No,Yes,No
4271,No,11051,0,No,No,No,3475,21,0,0,0,Yes,No,No,No
4272,Yes,75052,0,Yes,No,No,25195,9,0,0,0,Yes,No,Yes,Yes
4273,No,20552,0,No,No,No,0,0,0,0,0,Yes,No,No,No
4274,No,41885,0,Yes,No,No,33039,18,0,0,0,No,No,Yes,No
4275,No,152331,0,Yes,No,No,62414,10,0,0,0,No,No,Yes,Yes
4276,No,34390,0,No,No,No,700,3,600,2,0,Yes,No,No,No
4277,No,1100,0,No,No,No,1100,8,0,0,0,Yes,No,No,No
4278,No,57786,0,Yes,No,No,29734,15,0,0,0,Yes,No,Yes,No
4279,No,3850,0,No,No,No,1725,7,0,0,0,No,No,No,No
4280,No,38263,1466,Yes,No,No,18989,12,0,0,0,Yes,No,Yes,No
4281,No,58238,0,Yes,No,No,11654,13,0,0,0,Yes,No,Yes,No
4282,No,20324,1776,No,No,No,300,2,200,1,0,No,No,No,No
4283,No,3942,0,No,No,No,0,0,0,0,0,No,No,No,No
4284,No,13172,0,No,No,No,314,2,0,0,0,Yes,No,No,No
4285,No,11490,0,No,No,No,200,3,100,2,0,Yes,No,No,No
4286,No,1305,0,Yes,No,No,24720,21,800,3,0,Yes,No,Yes,Yes
4287,Yes,46943,0,No,No,No,12300,7,2300,6,0,Yes,No,No,No
4288,No,30408,0,Yes,No,No,18794,4,0,0,0,Yes,No,Yes,Yes
4289,No,5680,0,No,No,No,100,1,0,0,0,Yes,No,No,No
4290,Yes,83989,0,Yes,No,No,19585,15,0,0,0,Yes,No,Yes,No
4291,No,35972,0,Yes,No,No,1974,9,0,0,0,Yes,No,Yes,No
4292,No,2608,0,No,No,No,0,0,0,0,0,Yes,No,No,No
4293,No,53599,0,Yes,No,No,28383,28,0,0,1,Yes,No,Yes,Yes
4294,No,27263,0,No,No,No,5920,14,0,0,0,Yes,No,No,No
4295,No,10367,0,Yes,No,No,1516,4,0,0,0,Yes,No,Yes,No
4296,No,19802,0,No,No,No,12030,12,11900,9,0,No,No,No,No
4297,Yes,46097,0,No,No,No,13055,5,0,0,0,Yes,No,No,No
4298,No,9500,1000,No,No,No,0,0,0,0,0,Yes,No,No,No
4299,No,63858,0,Yes,No,No,8628,14,0,0,0,Yes,No,Yes,No
4300,No,6086,0,No,No,No,0,0,0,0,0,No,No,No,No
4301,No,2237,0,No,No,No,150,3,0,0,0,Yes,No,No,No
4302,No,108886,0,Yes,No,No,41115,16,100,1,0,Yes,No,Yes,No
4303,No,21633,0,Yes,No,No,6853,11,0,0,0,No,No,Yes,Yes
4304,No,81155,0,Yes,No,No,72099,22,900,2,0,Yes,No,Yes,No
4305,No,22555,0,Yes,No,No,20440,15,0,0,0,No,No,Yes,No
4306,No,3858,0,Yes,Yes,No,2604,11,0,0,0,Yes,No,Yes,Yes
4307,No,13628,0,No,No,No,156,1,0,0,0,Yes,No,No,No
4308,No,45608,0,No,No,No,2000,4,1000,2,0,Yes,No,No,No
4309,No,51221,0,Yes,No,No,18549,12,0,0,0,Yes,No,Yes,No
4310,No,2410,0,No,No,No,1000,1,0,0,0,Yes,No,No,No
4311,No,6150,0,No,No,No,1600,3,0,0,0,Yes,No,No,No
4312,No,131196,0,Yes,No,No,71497,15,0,0,0,Yes,No,Yes,Yes
4313,No,9815,0,Yes,No,No,2833,13,0,0,0,No,No,Yes,No
4314,No,8653,0,Yes,No,No,3760,10,0,0,0,No,No,Yes,Yes
4315,No,4924,0,No,No,No,0,0,0,0,0,Yes,No,No,No
4316,No,10267,0,Yes,No,No,770,4,0,0,0,No,No,Yes,No
4317,No,21012,0,Yes,No,No,1089,3,0,0,0,No,No,Yes,No
4318,No,37800,0,Yes,No,No,14341,13,0,0,0,No,No,Yes,Yes
4319,No,3849,0,No,No,No,0,0,0,0,0,No,No,No,No
4320,No,12735,0,Yes,No,No,11382,6,0,0,0,No,No,Yes,No
4321,No,10698,0,No,No,No,1210,2,0,0,0,Yes,No,No,No
4322,No,386,0,Yes,No,No,144,6,0,0,0,No,No,Yes,Yes
4323,No,13565,0,Yes,No,No,5364,14,0,0,0,No,No,Yes,No
4324,No,14192,0,No,No,No,0,0,0,0,0,Yes,No,No,No
4325,Yes,35456,4606,No,No,No,2500,1,0,0,0,Yes,No,No,No
4326,No,21010,1433,No,No,No,0,0,0,0,0,Yes,No,No,No
4327,No,16378,0,Yes,No,No,5016,12,0,0,0,No,No,Yes,No
4328,No,60751,0,Yes,No,No,37872,12,0,0,0,Yes,No,Yes,No
4329,No,76001,0,Yes,No,No,26266,22,500,1,0,Yes,No,Yes,No
4330,No,27518,0,Yes,No,No,12842,16,0,0,0,Yes,No,Yes,Yes
4331,No,47053,0,Yes,No,No,25816,13,0,0,0,Yes,No,Yes,No
4332,No,1846,0,Yes,No,No,62,2,0,0,0,No,No,Yes,No
4333,Yes,169464,0,No,No,No,11000,3,1000,2,0,No,No,No,No
4334,No,21809,0,Yes,No,No,7335,11,0,0,0,Yes,No,Yes,No
4335,No,16260,0,No,No,No,4250,12,0,0,0,Yes,No,No,Yes
4336,No,16099,0,No,Yes,No,2068,10,0,0,0,No,No,Yes,No
4337,No,2375,0,No,No,No,1500,5,0,0,0,No,No,No,No
4338,No,6629,0,Yes,No,No,2272,5,0,0,0,No,No,Yes,No
4339,No,64107,0,Yes,No,No,16075,16,0,0,0,Yes,No,Yes,No
4340,No,6348,0,Yes,No,No,2000,1,0,0,0,No,No,Yes,No
4341,No,36802,0,Yes,No,No,17048,14,0,0,0,No,No,Yes,No
4342,Yes,91691,0,Yes,No,No,26517,13,0,0,0,Yes,No,Yes,No
4343,No,15980,0,No,No,No,5790,10,0,0,0,Yes,No,No,No
4344,No,15418,0,No,No,No,1306,4,1306,4,0,Yes,No,No,No
4345,No,2542,0,Yes,No,No,1086,13,0,0,0,Yes,No,Yes,No
4346,No,25735,693,Yes,No,No,7110,15,0,0,0,Yes,No,Yes,No
4347,No,22444,0,Yes,No,No,8162,6,0,0,0,No,No,Yes,No
4348,No,41196,0,Yes,No,No,22583,15,0,0,0,Yes,No,Yes,Yes
4349,No,8500,0,No,No,No,4125,24,0,0,0,Yes,No,No,No
4350,No,20810,0,Yes,No,No,7183,14,0,0,0,No,No,Yes,Yes
4351,Yes,12763,0,No,No,No,2950,5,450,4,0,Yes,No,No,No
4352,No,3332,0,No,No,No,0,0,0,0,0,Yes,No,No,No
4353,No,11200,0,No,No,No,700,3,700,3,0,Yes,No,No,No
4354,No,29133,0,No,No,No,0,0,0,0,0,No,No,No,No
4355,No,4969,0,No,No,No,0,0,0,0,0,No,No,No,No
4356,No,43241,0,No,No,No,1050,7,1050,7,0,No,No,No,No
4357,No,32110,0,Yes,No,No,17449,6,0,0,0,No,No,Yes,No
4358,No,23743,0,No,No,No,0,0,0,0,0,Yes,No,No,No
4359,No,27933,0,Yes,No,No,8983,14,500,1,0,Yes,No,Yes,No
4360,No,26970,0,Yes,No,No,35783,14,0,0,0,No,No,Yes,No
4361,No,7510,0,Yes,No,No,2271,3,0,0,0,No,No,Yes,No
4362,No,6874,0,Yes,No,No,3277,10,0,0,0,No,No,Yes,Yes
4363,No,46103,0,Yes,No,No,14762,10,0,0,0,No,No,Yes,No
4364,No,16068,0,Yes,No,No,11285,7,0,0,0,No,No,Yes,No
4365,No,35518,0,Yes,No,No,45238,19,0,0,0,Yes,No,Yes,No
4366,No,58440,0,Yes,No,No,26060,17,0,0,0,Yes,No,Yes,No
4367,No,12013,0,No,No,No,854,2,0,0,0,Yes,No,No,No
4368,No,15002,0,No,No,No,55,3,0,0,0,Yes,No,No,No
4369,No,108259,0,Yes,No,No,73402,54,4371,12,4,Yes,No,Yes,Yes
4370,No,23970,0,No,No,No,500,1,500,1,0,Yes,No,No,No
4371,No,11960,0,Yes,No,No,6726,14,500,1,0,Yes,No,Yes,No
4372,No,22753,0,No,No,No,953,6,0,0,0,Yes,No,No,No
4373,No,17930,0,Yes,No,No,4736,18,0,0,0,Yes,No,Yes,No
4374,No,9180,0,No,No,No,1400,4,1400,4,0,Yes,No,No,No
4375,No,32329,0,Yes,Yes,No,12513,13,0,0,0,No,No,Yes,No
4376,No,9518,0,No,No,No,1500,3,1500,3,0,Yes,No,No,No
4377,No,7198,0,Yes,No,No,30183,16,0,0,0,Yes,No,Yes,Yes
4378,No,52953,0,No,No,No,0,0,0,0,0,No,No,No,No
4379,No,26483,0,Yes,No,No,23225,11,0,0,0,Yes,No,Yes,Yes
4380,Yes,117688,0,Yes,No,No,42379,9,800,3,0,Yes,No,Yes,No
4381,No,18663,0,Yes,No,No,8156,15,0,0,0,No,No,Yes,No
4382,No,10624,0,No,No,No,1000,1,0,0,0,Yes,No,No,No
4383,No,7360,0,Yes,Yes,No,5245,15,0,0,0,Yes,No,Yes,Yes
4384,No,12382,0,Yes,No,No,30226,16,0,0,0,Yes,No,Yes,No
4385,Yes,95507,0,No,No,No,15976,5,0,0,0,Yes,No,No,Yes
4386,No,5778,0,No,No,No,356,5,0,0,0,Yes,No,No,No
4387,No,9313,0,Yes,Yes,No,3262,11,0,0,0,No,No,Yes,No
4388,Yes,41247,0,No,No,No,6550,3,50,1,0,Yes,No,No,No
4389,Yes,113728,1745,Yes,No,No,16978,18,550,2,0,Yes,No,Yes,Yes
4390,No,33206,0,Yes,Yes,No,13324,26,0,0,0,Yes,No,Yes,Yes
4391,No,54487,0,Yes,No,No,12166,16,0,0,0,Yes,No,Yes,No
4392,Yes,172570,0,No,No,No,12022,10,250,2,0,Yes,No,No,No
4393,No,15844,0,Yes,No,No,3467,5,0,0,0,No,No,Yes,No
4394,No,19295,0,No,No,No,0,0,0,0,0,No,No,No,No
4395,Yes,49,0,Yes,No,No,16626,8,150,1,1,Yes,No,Yes,No
4396,Yes,73163,0,No,No,No,2000,1,0,0,0,Yes,No,No,No
4397,No,8498,0,No,No,No,0,0,0,0,0,Yes,No,No,No
4398,No,38881,0,Yes,No,No,23978,14,0,0,0,Yes,No,Yes,No
4399,No,14374,0,No,No,No,2742,12,0,0,0,Yes,No,No,Yes
4400,No,11093,0,No,No,No,3677,6,3677,6,0,Yes,No,No,No
4401,No,16937,0,No,No,No,1852,3,1852,3,0,Yes,No,No,No
4402,No,77332,0,Yes,No,No,76100,10,0,0,0,Yes,No,Yes,Yes
4403,No,5328,0,No,No,No,0,0,0,0,0,Yes,No,No,No
4404,No,5576,0,No,No,No,0,0,0,0,0,Yes,No,No,No
4405,No,33082,0,Yes,Yes,No,19903,17,500,1,0,No,No,Yes,Yes
4406,No,9954,0,No,No,No,500,1,0,0,0,No,No,No,No
4407,No,10626,0,No,No,No,156,2,0,0,0,Yes,No,No,No
4408,No,2223,0,No,No,No,0,0,0,0,0,No,No,No,No
4409,No,7188,0,No,No,No,0,0,0,0,0,Yes,No,No,No
4410,No,13596,0,No,No,No,0,0,0,0,0,Yes,No,No,No
4411,No,7996,0,No,No,No,0,0,0,0,0,Yes,No,No,No
4412,No,3063,0,Yes,Yes,No,3063,7,0,0,0,No,No,Yes,No
4413,No,385988,0,Yes,No,No,1651,13,0,0,0,Yes,No,Yes,No
4414,No,7061,0,Yes,No,No,3022,12,0,0,0,No,No,Yes,Yes
4415,Yes,34694,0,No,No,No,2000,1,0,0,0,Yes,No,No,No
4416,No,28118,0,Yes,No,No,16340,10,0,0,0,Yes,No,Yes,No
4417,No,13704,0,No,No,No,0,0,0,0,0,Yes,No,No,No
4418,No,2044,0,Yes,No,No,1500,13,0,0,0,No,No,Yes,Yes
4419,No,30149,0,No,No,No,1608,2,1508,1,0,Yes,No,No,Yes
4420,No,2678,0,No,No,No,500,1,0,0,0,No,No,No,No
4421,No,18804,0,Yes,No,No,12100,12,0,0,0,No,No,Yes,No
4422,No,8795,0,No,No,No,0,0,0,0,0,Yes,No,No,No
4423,No,8714,0,No,No,No,0,0,0,0,0,No,No,No,No
4424,No,6012,0,No,No,No,300,1,0,0,0,Yes,No,No,No
4425,No,10668,0,Yes,No,No,2391,9,0,0,0,No,No,Yes,No
4426,No,2726,0,No,Yes,No,1268,6,0,0,0,No,No,Yes,No
4427,Yes,36346,0,No,No,No,0,0,0,0,0,Yes,No,No,No
4428,No,27213,0,No,No,No,1375,4,0,0,0,Yes,No,No,No
4429,No,4072,0,No,Yes,No,833,2,0,0,0,Yes,No,Yes,No
4430,Yes,41784,0,Yes,No,No,21521,6,0,0,0,Yes,No,Yes,No
4431,No,27995,0,Yes,No,No,10053,5,0,0,0,Yes,No,Yes,Yes
4432,Yes,85253,0,No,No,No,11250,13,0,0,0,Yes,No,No,No
4433,No,12452,0,No,No,No,4780,32,0,0,0,Yes,No,No,No
4434,No,35116,0,No,No,No,500,1,0,0,0,Yes,No,No,No
4435,No,12010,0,No,No,No,0,0,0,0,0,Yes,No,No,No
4436,No,2987,0,Yes,Yes,No,2774,11,0,0,0,No,No,Yes,No
4437,No,9758,0,Yes,No,No,4107,15,100,1,0,No,No,Yes,No
4438,No,8370,0,No,No,No,0,0,0,0,0,Yes,No,No,No
4439,No,19518,0,No,No,No,4050,3,3800,2,1,Yes,No,No,Yes
4440,No,23905,0,No,No,No,1600,4,1600,4,0,Yes,No,No,No
4441,No,6300,0,No,No,No,5300,4,5300,4,0,No,No,No,No
4442,No,4682,0,No,No,No,0,0,0,0,0,No,No,No,No
4443,No,2600,0,No,No,No,1100,3,1100,3,0,Yes,No,No,No
4444,No,20290,0,No,No,No,0,0,0,0,0,No,No,No,Yes
4445,No,41725,0,Yes,No,No,18443,13,0,0,0,No,No,Yes,Yes
4446,No,3665,0,Yes,No,No,37726,9,0,0,0,Yes,No,Yes,No
4447,No,16135,0,No,No,No,0,0,0,0,0,Yes,No,No,No
4448,No,6311,0,Yes,Yes,No,5205,13,0,0,0,Yes,No,Yes,Yes
4449,No,15752,0,No,No,No,200,1,200,1,0,No,No,No,No
4450,No,5225,0,No,No,No,3600,21,0,0,0,No,No,No,No
4451,No,14254,0,No,No,No,4125,12,0,0,0,Yes,No,No,No
4452,No,7107,0,Yes,No,No,3994,18,0,0,0,No,No,Yes,Yes
4453,No,10694,0,No,No,No,0,0,0,0,0,No,No,No,No
4454,No,20000,0,Yes,No,No,6804,14,0,0,0,Yes,No,Yes,No
4455,No,25492,0,Yes,No,No,13992,10,0,0,0,Yes,No,Yes,Yes
4456,No,14977,800,Yes,No,No,20948,7,255,1,0,Yes,No,Yes,No
4457,No,8859,0,Yes,No,No,627,12,0,0,0,No,No,Yes,Yes
4458,No,13259,0,Yes,No,No,3259,3,0,0,0,No,No,Yes,No
4459,No,52767,0,Yes,No,No,28459,13,0,0,0,Yes,No,Yes,No
4460,No,27720,0,Yes,Yes,No,12189,17,1450,2,0,Yes,No,Yes,Yes
4461,No,27890,0,Yes,No,No,3577,12,0,0,0,Yes,No,Yes,No
4462,No,10798,0,Yes,No,No,4086,9,0,0,0,No,No,Yes,Yes
4463,No,513,0,No,No,No,513,6,0,0,0,No,No,No,No
4464,No,4735,0,No,Yes,No,1460,5,0,0,0,No,No,Yes,No
4465,No,28202,0,Yes,No,No,18468,15,0,0,0,Yes,No,Yes,No
4466,No,16500,500,No,No,No,4000,8,4000,8,0,Yes,No,No,No
4467,No,6646,0,Yes,Yes,No,784,5,0,0,0,No,No,Yes,No
4468,No,6649,0,No,No,No,0,0,0,0,0,No,No,No,No
4469,No,8906,0,No,No,No,0,0,0,0,0,No,No,No,No
4470,No,7815,0,Yes,No,No,6299,2,0,0,0,Yes,No,Yes,No
4471,No,4208,0,No,No,No,1000,1,0,0,0,Yes,No,No,No
4472,No,6160,0,No,No,No,0,0,0,0,0,Yes,No,No,No
4473,No,500,0,No,No,No,500,1,0,0,0,Yes,No,No,Yes
4474,No,3526,0,No,No,No,0,0,0,0,0,No,No,No,No
4475,No,5745,0,Yes,No,No,584,4,0,0,0,No,No,Yes,No
4476,Yes,43892,0,No,No,No,2500,1,0,0,0,Yes,No,No,No
4477,No,8238,0,No,No,No,0,0,0,0,0,No,No,No,No
4478,No,12560,0,No,No,No,0,0,0,0,0,Yes,No,No,No
4479,No,64674,500,Yes,No,No,26497,35,8875,25,0,Yes,No,Yes,Yes
4480,No,2874,0,No,No,No,0,0,0,0,0,Yes,No,No,No
4481,No,10860,0,No,No,No,0,0,0,0,0,Yes,No,No,No
4482,No,40488,0,Yes,No,No,31356,12,0,0,0,Yes,No,Yes,No
4483,No,13919,0,Yes,No,No,5129,8,0,0,0,Yes,No,Yes,No
4484,No,53715,0,No,No,No,16525,11,1900,1,0,Yes,No,No,Yes
4485,No,42551,1008,Yes,No,No,17139,24,250,2,0,Yes,No,Yes,Yes
4486,No,2116,0,No,No,No,0,0,0,0,0,Yes,No,No,No
4487,No,2566,0,No,No,No,625,5,0,0,0,Yes,No,No,No
4488,No,22173,0,Yes,No,No,19358,17,0,0,0,No,No,Yes,No
4489,No,14746,0,No,No,No,1250,3,0,0,0,Yes,No,No,No
4490,Yes,41146,0,No,No,No,6750,17,4250,16,0,Yes,No,No,No
4491,No,6812,0,No,No,No,0,0,0,0,0,Yes,No,No,No
4492,No,22994,0,No,Yes,No,1157,5,0,0,0,Yes,No,Yes,No
4493,No,37370,0,No,Yes,No,28493,15,0,0,0,No,No,Yes,Yes
4494,Yes,12668,0,No,No,No,3000,2,500,1,0,Yes,No,No,No
4495,No,7681,0,No,No,No,150,1,150,1,0,No,No,No,No
4496,No,48073,0,Yes,No,No,26877,11,0,0,0,Yes,No,Yes,No
4497,No,9524,0,No,No,No,500,1,500,1,0,Yes,No,No,No
4498,No,27846,0,No,No,No,500,4,0,0,0,No,No,No,Yes
4499,No,19446,0,No,No,No,0,0,0,0,0,Yes,No,No,No
4500,No,34720,0,Yes,No,No,28765,22,500,1,2,Yes,No,Yes,No
4501,No,3335,0,No,No,No,0,0,0,0,0,Yes,No,No,No
4502,No,42891,0,Yes,No,No,31543,13,0,0,0,Yes,No,Yes,No
4503,No,4173,0,No,Yes,No,3918,8,0,0,0,No,No,Yes,No
4504,No,4324,0,Yes,No,No,517,5,0,0,0,No,No,Yes,No
4505,Yes,70128,0,No,No,No,2500,1,0,0,0,No,No,No,Yes
4506,No,500,0,No,No,No,500,1,0,0,0,Yes,No,No,No
4507,No,25630,0,Yes,No,No,7309,11,0,0,0,No,No,Yes,No
4508,No,1000,0,No,No,No,500,1,0,0,0,Yes,No,No,No
4509,No,1000,0,No,No,No,500,1,0,0,0,Yes,No,No,No
4510,No,500,0,No,No,No,500,1,0,0,0,Yes,No,No,No
4511,No,13272,0,Yes,No,No,8009,10,0,0,0,Yes,No,Yes,No
4512,No,1500,0,No,No,No,500,1,0,0,0,Yes,No,No,No
4513,No,500,0,No,No,No,500,1,0,0,0,Yes,No,No,No
4514,No,1000,0,No,No,No,500,1,0,0,0,Yes,No,No,No
4515,No,7500,0,No,No,No,3900,10,0,0,9,Yes,No,No,No
4516,No,8408,0,Yes,No,No,1600,9,0,0,0,No,No,Yes,No
4517,No,4741,0,No,No,No,500,1,0,0,0,Yes,No,No,No
4518,No,852,0,Yes,No,No,659,11,0,0,0,No,No,Yes,No
4519,No,600,0,No,No,No,600,2,0,0,0,Yes,No,No,No
4520,No,600,0,No,No,No,600,2,0,0,0,Yes,No,No,No
4521,No,500,0,No,No,No,500,1,0,0,0,Yes,No,No,No
4522,No,7112,0,No,Yes,No,4070,7,0,0,0,Yes,No,Yes,No
4523,No,500,0,No,No,No,500,1,0,0,0,Yes,No,No,No
4524,No,4884,0,No,No,No,500,1,0,0,0,Yes,No,No,No
4525,No,500,0,No,No,No,500,1,0,0,0,Yes,No,No,No
4526,No,16790,0,No,No,No,600,2,0,0,0,Yes,No,No,No
4527,No,1310,0,No,No,No,1143,8,0,0,0,No,No,No,No
4528,No,500,0,No,No,No,500,1,0,0,0,Yes,No,No,No
4529,No,3770,0,No,No,No,500,1,0,0,0,Yes,No,No,No
4530,No,500,0,No,No,No,500,1,0,0,0,Yes,No,No,No
4531,No,7625,0,No,No,No,3250,19,0,0,0,No,No,No,No
4532,No,35538,0,No,No,No,1350,4,1000,2,0,Yes,No,No,Yes
4533,No,98905,0,Yes,No,No,63428,12,0,0,0,Yes,No,Yes,No
4534,No,600,0,No,No,No,600,2,0,0,0,Yes,No,No,No
4535,No,27020,0,Yes,No,No,10483,12,0,0,0,No,No,Yes,Yes
4536,No,500,0,No,No,No,500,1,500,1,0,No,No,No,No
4537,No,2766,0,Yes,No,No,2154,14,0,0,0,No,No,Yes,No
4538,No,8438,0,No,No,No,0,0,0,0,0,No,No,No,No
4539,No,6550,0,No,No,No,1050,3,550,2,0,Yes,No,No,No
4540,No,500,0,No,No,No,500,1,0,0,0,Yes,No,No,No
4541,No,3500,0,No,No,No,500,1,0,0,0,Yes,No,No,No
4542,No,34336,0,No,No,No,18212,5,0,0,1,Yes,No,No,No
4543,Yes,2424,0,No,No,No,0,0,0,0,0,No,No,No,No
4544,No,13402,0,Yes,No,No,12771,14,0,0,0,No,No,Yes,No
4545,No,8854,0,No,No,No,500,1,0,0,0,Yes,No,No,No
4546,No,16620,0,No,No,No,3900,10,0,0,9,Yes,No,No,No
4547,No,14102,0,No,No,No,900,4,400,3,0,Yes,No,No,No
4548,No,17267,0,Yes,No,No,6101,6,0,0,0,Yes,No,Yes,Yes
4549,No,500,0,No,No,No,500,1,0,0,0,Yes,No,No,No
4550,No,22538,0,Yes,Yes,No,10511,22,0,0,0,Yes,No,Yes,No
4551,Yes,60537,0,No,No,No,4000,4,1000,2,0,Yes,No,No,Yes
4552,No,4125,0,No,No,No,4125,11,0,0,0,Yes,No,No,Yes
4553,No,36567,0,Yes,No,No,17140,13,0,0,0,Yes,No,Yes,Yes
4554,No,6078,0,Yes,No,No,2876,13,0,0,0,No,No,Yes,No
4555,No,15962,0,No,No,No,0,0,0,0,0,No,No,No,No
4556,No,417,0,No,No,No,79,9,0,0,0,No,No,No,No
4557,No,36078,0,Yes,No,No,21853,8,0,0,0,No,No,Yes,No
4558,No,32956,0,Yes,No,No,12728,4,0,0,0,Yes,No,Yes,Yes
4559,No,750,0,No,No,No,750,2,250,1,0,Yes,No,No,No
4560,No,500,0,No,No,No,500,1,0,0,0,Yes,No,No,No
4561,No,500,0,No,No,No,500,1,0,0,0,Yes,No,No,No
4562,No,500,0,No,No,No,500,1,0,0,0,Yes,No,No,No
4563,No,21871,0,No,No,No,1150,2,0,0,1,Yes,No,No,No
4564,No,24030,0,Yes,No,No,8213,13,0,0,0,No,No,Yes,No
4565,No,2802,0,No,No,No,500,1,0,0,0,Yes,No,No,No
4566,No,1422,0,Yes,Yes,No,1118,13,0,0,0,No,No,Yes,No
4567,No,6062,0,No,No,No,500,1,0,0,0,Yes,No,No,No
4568,No,9877,0,No,No,No,0,0,0,0,0,No,No,No,No
4569,No,10000,0,No,No,No,0,0,0,0,0,No,No,No,No
4570,No,14729,0,Yes,No,No,3754,13,0,0,0,No,No,Yes,No
4571,No,20357,0,Yes,No,No,2780,6,0,0,0,Yes,No,Yes,Yes
4572,Yes,80614,0,Yes,No,No,10043,13,0,0,0,No,No,Yes,No
4573,No,9362,0,No,No,No,0,0,0,0,0,No,No,No,No
4574,No,24595,0,Yes,No,No,11087,9,0,0,0,No,No,Yes,No
4575,No,19602,0,Yes,No,No,4836,12,0,0,0,No,No,Yes,Yes
4576,Yes,37691,0,No,No,No,850,6,350,5,0,Yes,No,No,No
4577,No,500,0,No,No,No,500,1,0,0,0,Yes,No,No,No
4578,No,34167,0,Yes,No,No,20646,13,0,0,0,Yes,No,Yes,No
4579,No,10000,0,No,No,No,0,0,0,0,0,No,No,No,No
4580,No,1316,0,No,No,No,0,0,0,0,0,No,No,No,No
4581,No,53317,0,Yes,No,No,30717,14,0,0,0,No,No,Yes,Yes
4582,No,7964,0,Yes,Yes,No,3969,13,0,0,0,No,No,Yes,No
4583,Yes,52208,0,No,No,No,2600,3,0,0,0,Yes,No,No,No
4584,No,500,0,No,No,No,500,1,0,0,0,Yes,No,No,No
4585,No,13998,0,Yes,No,No,7280,3,0,0,0,Yes,No,Yes,Yes
4586,No,6035,0,No,No,No,3800,11,1800,9,0,Yes,No,No,Yes
4587,No,46793,0,Yes,No,No,28840,21,0,0,0,Yes,No,Yes,Yes
4588,No,26347,0,Yes,No,No,8183,12,0,0,0,No,No,Yes,No
4589,No,17919,2245,No,No,No,2650,9,650,7,0,Yes,No,No,No
4590,No,500,0,No,No,No,500,1,0,0,0,Yes,No,No,No
4591,No,9045,0,Yes,Yes,No,6601,13,0,0,0,No,No,Yes,No
4592,No,3438,0,No,No,No,500,1,0,0,0,Yes,No,No,No
4593,Yes,37306,0,Yes,Yes,No,31014,30,550,2,0,Yes,No,Yes,No
4594,No,5317,0,Yes,Yes,No,5044,14,0,0,0,No,No,Yes,Yes
4595,No,13320,0,No,No,No,0,0,0,0,0,Yes,No,No,No
4596,No,10000,0,No,No,No,0,0,0,0,0,No,No,No,No
4597,Yes,61811,0,No,No,No,1641,3,0,0,0,Yes,No,No,No
4598,No,32854,0,Yes,No,No,11541,12,0,0,0,No,No,Yes,No
4599,No,500,0,No,No,No,500,1,0,0,0,Yes,No,No,No
4600,No,500,0,No,No,No,500,1,0,0,0,Yes,No,No,No
4601,No,31023,0,Yes,No,No,27087,15,0,0,0,Yes,No,Yes,Yes
4602,No,2290,0,No,No,No,0,0,0,0,0,No,No,No,No
4603,No,19520,0,Yes,No,No,1588,6,0,0,0,No,No,Yes,No
4604,No,11566,0,No,No,No,0,0,0,0,0,No,No,No,No
4605,No,4799,0,No,Yes,No,4799,17,0,0,0,No,No,Yes,No
4606,No,957,0,No,Yes,No,557,8,0,0,0,No,No,Yes,No
4607,Yes,27197,0,Yes,No,No,7388,11,0,0,0,Yes,No,Yes,Yes
4608,No,29088,0,Yes,No,No,10443,11,0,0,0,No,No,Yes,No
4609,No,4378,0,Yes,No,No,1520,13,0,0,0,Yes,No,Yes,No
4610,No,6549,0,Yes,No,No,5995,14,0,0,0,No,No,Yes,No
4611,No,37050,0,Yes,No,No,20960,8,0,0,0,Yes,No,Yes,No
4612,No,24479,0,Yes,No,No,9448,9,0,0,0,No,No,Yes,Yes
4613,No,3048,0,Yes,Yes,No,2810,12,0,0,0,Yes,No,Yes,Yes
4614,No,14744,0,Yes,No,No,666,11,0,0,0,No,No,Yes,No
4615,No,16365,0,Yes,No,No,5456,7,0,0,0,No,No,Yes,No
4616,No,2000,0,No,No,No,500,1,0,0,0,Yes,No,No,No
4617,No,4638,0,No,No,No,500,1,0,0,0,Yes,No,No,No
4618,No,10338,0,No,No,No,0,0,0,0,0,Yes,No,No,No
4619,No,2500,0,No,No,No,0,0,0,0,0,Yes,No,No,No
4620,No,3346,0,No,No,No,875,4,0,0,0,Yes,No,No,No
4621,No,56850,0,No,No,No,0,0,0,0,0,Yes,No,No,No
4622,No,19735,0,Yes,No,No,4520,12,0,0,0,No,No,Yes,No
4623,No,20003,0,Yes,Yes,No,5003,11,0,0,0,No,No,Yes,Yes
4624,No,4055,0,Yes,Yes,No,2866,14,0,0,0,No,No,Yes,No
4625,No,5576,0,No,No,No,0,0,0,0,0,Yes,No,No,No
4626,No,5008,0,No,No,No,500,1,0,0,0,Yes,No,No,No
4627,No,32028,0,Yes,No,No,14918,23,0,0,0,Yes,No,Yes,Yes
4628,No,28350,0,Yes,No,No,32148,18,350,2,0,Yes,No,Yes,No
4629,No,15753,0,No,No,No,500,1,0,0,0,Yes,No,No,No
4630,No,40,0,No,Yes,No,69,1,0,0,0,No,No,Yes,No
4631,No,5940,0,No,No,No,500,1,0,0,0,Yes,No,No,No
4632,No,9662,0,No,No,No,500,1,0,0,0,Yes,No,No,No
4633,No,7344,0,Yes,No,No,4561,6,0,0,0,Yes,No,Yes,No
4634,No,21763,0,Yes,No,No,21763,7,0,0,0,Yes,No,Yes,No
4635,No,30650,0,Yes,No,No,3875,5,0,0,0,Yes,No,Yes,No
4636,No,11723,0,No,No,No,14946,6,750,2,0,Yes,No,No,No
4637,No,6486,0,No,No,No,0,0,0,0,0,Yes,No,No,No
4638,No,6000,0,No,No,No,0,0,0,0,0,Yes,No,No,No
4639,No,4272,0,No,No,No,0,0,0,0,0,Yes,No,No,No
4640,No,6360,0,No,No,No,0,0,0,0,0,Yes,No,No,No
4641,No,18734,0,No,No,No,2750,5,750,3,0,Yes,No,No,No
4642,No,51623,0,No,No,No,21100,4,0,0,0,Yes,No,No,No
4643,No,5125,0,No,No,No,5125,20,0,0,0,Yes,No,No,No
4644,No,576,0,No,No,No,0,0,0,0,0,No,No,No,No
4645,No,2898,0,No,No,No,0,0,0,0,0,Yes,No,No,No
4646,No,4802,0,No,No,No,0,0,0,0,0,No,No,No,No
4647,No,26805,0,Yes,No,No,15019,2,0,0,0,Yes,No,Yes,No
4648,No,38352,0,Yes,No,No,19564,11,0,0,0,No,No,Yes,No
4649,No,1206,0,No,No,No,0,0,0,0,0,No,No,No,No
4650,No,2098,0,No,No,No,0,0,0,0,0,Yes,No,No,No
4651,Yes,55331,0,No,No,No,8475,27,8475,27,0,Yes,No,No,Yes
4652,No,1100,0,No,No,No,100,1,0,0,0,Yes,No,No,No
4653,No,6555,0,No,No,No,100,1,0,0,0,Yes,No,No,No
4654,No,7350,0,No,No,No,70,1,0,0,0,Yes,No,No,Yes
4655,No,21296,0,No,No,No,5000,4,0,0,0,Yes,No,No,Yes
4656,No,45316,0,Yes,No,No,17166,9,300,2,0,Yes,No,Yes,No
4657,No,12094,0,No,No,No,1000,1,0,0,0,Yes,Yes,No,Yes
4658,No,22835,0,Yes,No,No,3941,21,0,0,0,Yes,No,Yes,Yes
4659,No,18086,0,Yes,No,No,2093,4,0,0,0,No,No,Yes,No
4660,No,32601,0,Yes,No,No,17601,13,0,0,0,No,No,Yes,No
4661,Yes,42628,0,No,No,No,3450,4,850,2,0,Yes,No,No,Yes
4662,No,44858,819,Yes,No,No,5811,15,600,2,0,Yes,No,Yes,No
4663,No,23079,0,Yes,No,No,6708,12,0,0,0,No,No,Yes,No
4664,Yes,48223,0,Yes,No,No,18055,10,500,6,0,Yes,No,Yes,No
4665,No,7079,0,No,No,No,0,0,0,0,0,Yes,No,No,No
4666,Yes,15955,0,No,No,No,0,0,0,0,0,Yes,No,No,No
4667,No,3316,0,No,No,No,0,0,0,0,0,Yes,No,No,No
4668,No,12197,0,Yes,Yes,No,8746,17,0,0,0,No,No,Yes,No
4669,No,15920,0,No,No,No,1334,4,1234,3,0,Yes,No,No,No
4670,No,23101,0,Yes,No,No,33057,17,0,0,0,Yes,No,Yes,No
4671,No,4046,0,No,No,No,2225,4,0,0,0,Yes,No,No,No
4672,No,12415,0,No,No,No,8232,31,0,0,3,Yes,No,No,No
4673,No,18584,0,No,No,No,0,0,0,0,0,Yes,No,No,No
4674,No,15000,0,No,No,No,15000,1,0,0,0,No,No,No,No
4675,No,100,0,No,No,No,100,1,0,0,0,Yes,No,No,No
4676,No,5640,0,No,No,No,0,0,0,0,0,Yes,No,No,No
4677,No,23442,0,Yes,No,No,17870,13,0,0,0,No,No,Yes,No
4678,No,35947,0,Yes,No,No,20249,4,0,0,0,Yes,No,Yes,Yes
4679,No,40767,0,Yes,No,No,22506,11,0,0,1,Yes,No,Yes,No
4680,No,22435,0,Yes,No,No,21914,14,0,0,0,No,No,Yes,Yes
4681,No,7744,0,No,Yes,No,5436,13,0,0,0,No,No,Yes,No
4682,No,2839,0,No,No,No,0,0,0,0,0,Yes,No,No,No
4683,Yes,30042,0,No,No,No,2200,5,1100,3,0,Yes,No,No,No
4684,No,17885,0,Yes,No,No,1899,8,0,0,0,No,No,Yes,No
4685,No,35299,0,Yes,No,No,35299,15,0,0,0,No,No,Yes,No
4686,No,27111,0,Yes,No,No,5677,12,0,0,0,Yes,No,Yes,Yes
4687,No,26375,2419,Yes,No,No,21537,17,0,0,0,No,No,Yes,No
4688,No,4417,0,Yes,No,No,1854,11,0,0,0,Yes,No,Yes,Yes
4689,No,5359,0,No,No,No,668,4,0,0,0,Yes,No,No,No
4690,No,15042,0,Yes,No,No,15042,2,0,0,0,No,No,Yes,No
4691,No,3898,0,No,No,No,0,0,0,0,0,Yes,No,No,No
4692,Yes,92116,0,Yes,No,No,34184,17,1527,6,0,Yes,No,Yes,No
4693,No,40211,0,Yes,No,No,18267,7,0,0,0,Yes,No,Yes,No
4694,No,16962,0,No,No,No,15000,1,0,0,0,No,No,No,No
4695,No,24584,0,Yes,No,No,24584,11,0,0,0,Yes,No,Yes,No
4696,No,2832,0,No,No,No,0,0,0,0,0,Yes,No,No,No
4697,No,21400,0,Yes,No,No,21400,9,0,0,0,No,No,Yes,No
4698,No,1262,0,No,No,No,0,0,0,0,0,Yes,No,No,No
4699,No,26879,0,Yes,No,No,16093,3,0,0,0,Yes,No,Yes,No
4700,No,2500,0,No,No,No,2500,1,0,0,0,No,No,No,No
4701,No,8176,0,No,No,No,0,0,0,0,0,Yes,No,No,No
4702,No,5124,0,No,No,No,0,0,0,0,0,No,No,No,No
4703,No,8085,0,Yes,No,No,16338,14,400,2,0,Yes,No,Yes,No
4704,Yes,50266,0,Yes,No,No,19306,18,450,6,0,Yes,No,Yes,No
4705,No,24042,0,Yes,No,No,24042,7,0,0,0,Yes,No,Yes,No
4706,No,31879,0,Yes,No,No,25929,15,554,3,0,Yes,No,Yes,No
4707,No,4934,0,No,No,No,0,0,0,0,0,No,No,No,No
4708,No,31882,0,Yes,No,No,31882,13,0,0,0,No,No,Yes,Yes
4709,No,5028,0,No,No,No,100,1,100,1,0,Yes,No,No,No
4710,No,6753,0,Yes,No,No,6753,9,0,0,0,No,No,Yes,No
4711,No,3528,0,No,No,No,0,0,0,0,0,Yes,No,No,No
4712,No,2600,0,No,No,No,2600,2,0,0,0,No,No,No,No
4713,No,15100,0,No,No,No,15100,2,0,0,0,Yes,No,No,No
4714,No,10395,0,No,No,No,0,0,0,0,0,Yes,No,No,No
4715,No,4356,0,No,No,No,0,0,0,0,0,No,No,No,No
4716,No,4498,0,No,No,No,0,0,0,0,0,Yes,No,No,No
4717,No,20537,0,Yes,No,No,20537,11,0,0,0,Yes,No,Yes,No
4718,No,1000,0,No,No,No,1000,1,0,0,0,Yes,No,No,No
4719,No,13936,0,No,No,No,0,0,0,0,0,No,No,No,No
4720,No,4344,0,No,No,No,1000,1,0,0,0,Yes,No,No,No
4721,No,37230,0,Yes,No,No,79000,8,0,0,0,Yes,No,Yes,No
4722,No,29410,0,No,No,No,15000,1,0,0,0,Yes,No,No,No
4723,No,16661,0,Yes,No,No,27682,13,0,0,0,Yes,No,Yes,No
4724,No,2500,0,No,No,No,0,0,0,0,0,Yes,No,No,No
4725,No,1456,0,No,No,No,0,0,0,0,0,Yes,No,No,No
4726,No,7193,0,No,No,No,100,1,100,1,0,Yes,Yes,No,Yes
4727,No,11929,0,No,No,No,1469,4,750,2,0,Yes,No,No,No
4728,No,70855,0,Yes,No,No,56185,26,1750,4,0,Yes,No,Yes,No
4729,No,3325,0,No,No,No,3325,10,0,0,0,No,No,No,Yes
4730,No,21831,0,Yes,No,No,21831,15,500,1,0,Yes,No,Yes,No
4731,No,4548,0,No,No,No,4548,12,0,0,0,No,No,No,No
4732,No,8077,0,Yes,No,No,8077,10,0,0,0,No,No,Yes,No
4733,No,2500,0,No,No,No,2500,1,0,0,0,No,No,No,No
4734,No,1502,0,No,No,No,0,0,0,0,0,Yes,No,No,No
4735,No,4138,0,Yes,No,No,4138,5,200,1,0,Yes,No,Yes,No
4736,No,32551,0,Yes,No,No,32551,12,0,0,0,No,No,Yes,No
4737,No,13354,0,No,No,No,1000,1,0,0,0,Yes,No,No,Yes
4738,No,3216,0,No,No,No,3216,8,0,0,0,No,No,No,No
4739,No,3428,0,No,No,No,3428,10,0,0,0,Yes,No,No,No
4740,No,4192,0,No,No,No,1500,5,0,0,0,Yes,No,No,No
4741,No,8197,0,Yes,No,No,58197,18,0,0,0,Yes,No,Yes,No
4742,Yes,7879,0,No,No,No,2500,1,0,0,0,Yes,No,No,No
4743,No,25194,0,No,No,No,1784,1,1784,1,0,No,No,No,No
4744,No,51709,0,Yes,No,No,31035,13,0,0,0,Yes,No,Yes,Yes
4745,No,44101,1182,Yes,No,No,40194,14,0,0,0,Yes,No,Yes,Yes
4746,No,4027,0,No,No,No,0,0,0,0,0,Yes,No,No,No
4747,No,500,0,No,No,No,500,1,0,0,0,Yes,No,No,No
4748,No,15000,0,No,No,No,15000,1,0,0,0,No,No,No,No
4749,No,51175,0,Yes,No,No,39085,10,0,0,0,Yes,No,Yes,No
4750,No,3138,0,No,No,No,0,0,0,0,0,Yes,No,No,No
4751,No,4601,0,No,No,No,0,0,0,0,0,Yes,No,No,No
4752,No,4132,0,No,No,No,0,0,0,0,0,Yes,No,No,Yes
4753,No,5192,0,No,No,No,0,0,0,0,0,Yes,No,No,No
4754,No,9574,0,No,No,Yes,9574,6,0,0,0,No,No,Yes,No
4755,No,21263,0,No,No,No,1942,6,0,0,0,Yes,No,No,No
4756,No,1000,0,No,No,No,0,0,0,0,0,Yes,No,No,No
4757,No,14092,0,Yes,No,No,44092,15,0,0,0,Yes,No,Yes,Yes
4758,No,17678,0,Yes,No,No,37862,12,200,2,0,Yes,No,Yes,Yes
4759,No,8630,0,No,No,No,0,0,0,0,0,Yes,No,No,No
4760,No,16809,0,Yes,No,No,16809,5,0,0,0,No,No,Yes,No
4761,No,4534,0,No,No,No,0,0,0,0,0,No,No,No,No
4762,No,29063,0,Yes,No,No,23063,10,0,0,0,Yes,No,Yes,Yes
4763,No,14716,1517,No,No,No,2543,5,2543,5,0,No,No,No,No
4764,No,30742,0,Yes,No,No,15045,2,0,0,0,Yes,No,Yes,No
4765,No,33422,0,Yes,No,No,19052,8,0,0,0,Yes,No,Yes,No
4766,No,3048,0,No,No,No,0,0,0,0,0,Yes,No,No,No
4767,No,4854,0,Yes,No,No,4854,7,0,0,0,No,No,Yes,Yes
4768,Yes,23263,0,No,No,No,0,0,0,0,0,Yes,No,No,No
4769,Yes,57595,0,Yes,No,No,24601,9,0,0,0,Yes,No,Yes,No
4770,No,1728,0,No,No,No,0,0,0,0,0,No,No,No,No
4771,No,3356,0,No,No,No,0,0,0,0,0,Yes,No,No,No
4772,No,9487,0,Yes,No,No,3663,5,0,0,0,No,No,Yes,No
4773,No,20128,0,No,No,No,0,0,0,0,0,Yes,No,No,No
4774,No,28815,0,Yes,No,No,28815,12,0,0,0,No,No,Yes,Yes
4775,No,9295,0,No,No,No,0,0,0,0,0,Yes,No,No,No
4776,No,6579,0,No,No,No,0,0,0,0,0,Yes,No,No,No
4777,No,3245,0,No,Yes,No,3245,7,0,0,0,No,No,Yes,Yes
4778,No,3332,0,No,No,No,0,0,0,0,0,Yes,No,No,No
4779,No,23053,0,Yes,No,No,23053,11,0,0,0,Yes,No,Yes,No
4780,No,6532,0,No,Yes,No,6532,11,0,0,0,No,No,Yes,Yes
4781,No,9131,0,No,Yes,No,9131,11,0,0,0,No,No,Yes,No
4782,No,5046,0,No,Yes,No,5046,6,0,0,0,No,No,Yes,Yes
4783,No,3556,0,No,No,No,3556,5,0,0,0,Yes,No,No,No
4784,No,7561,0,No,Yes,No,7561,11,0,0,0,Yes,No,Yes,No
4785,No,2500,0,No,No,No,2500,1,0,0,0,No,No,No,No
4786,No,2520,0,No,No,No,0,0,0,0,0,Yes,No,No,No
4787,No,29750,0,Yes,No,No,20852,5,0,0,0,No,No,Yes,Yes
4788,No,27657,0,Yes,No,No,16260,3,0,0,0,Yes,No,Yes,No
4789,No,12520,0,Yes,No,No,5818,10,0,0,0,No,No,Yes,No
4790,No,3018,0,No,No,No,3018,6,0,0,0,No,No,No,No
4791,No,18037,0,Yes,No,No,18037,11,0,0,0,No,No,Yes,Yes
4792,No,3914,0,Yes,No,No,3914,5,0,0,0,No,No,Yes,No
4793,No,35109,2425,Yes,No,No,22602,8,0,0,0,Yes,No,Yes,No
4794,No,5847,0,No,Yes,No,5847,6,0,0,0,No,No,Yes,No
4795,No,24902,0,Yes,No,No,24902,11,0,0,0,No,No,Yes,No
4796,No,20029,0,No,No,Yes,20029,11,0,0,0,No,No,Yes,No
4797,No,40564,0,Yes,No,No,40564,12,0,0,0,No,No,Yes,No
4798,No,24921,0,No,No,No,1250,4,750,3,0,Yes,No,No,No
4799,No,2681,0,Yes,No,No,2681,4,0,0,0,No,No,Yes,No
4800,No,2785,0,No,No,No,2785,3,0,0,0,No,No,No,No
4801,No,500,0,No,No,No,500,1,0,0,0,Yes,No,No,No
4802,No,23634,0,Yes,No,No,17022,6,0,0,0,Yes,No,Yes,Yes
4803,No,12779,0,Yes,No,No,12779,9,0,0,0,No,No,Yes,No
4804,No,20586,0,Yes,No,No,20586,7,0,0,0,No,No,Yes,No
4805,No,1000,0,No,No,No,1000,1,0,0,0,Yes,No,No,No
4806,No,100,0,No,No,No,100,1,0,0,0,No,No,No,No
4807,No,1000,0,No,No,No,1000,1,0,0,0,Yes,No,No,No
4808,No,3250,0,No,No,No,3250,10,0,0,0,Yes,No,No,Yes
4809,No,6339,0,No,No,No,1000,1,0,0,0,Yes,No,No,No
4810,No,3446,0,No,No,No,1000,1,0,0,0,Yes,No,No,No
4811,No,16702,0,Yes,No,No,16702,10,0,0,0,Yes,No,Yes,No
4812,No,1000,0,No,No,No,1000,1,0,0,0,Yes,No,No,No
4813,No,2500,0,No,No,No,0,0,0,0,0,Yes,No,No,No
4814,No,44603,0,Yes,Yes,No,44603,11,450,1,0,No,No,Yes,Yes
4815,No,6159,0,Yes,No,No,6159,11,0,0,0,No,No,Yes,No
4816,No,100,0,No,No,No,100,1,0,0,0,No,No,No,No
4817,No,15868,0,No,No,No,0,0,0,0,0,No,No,No,No
4818,No,2000,0,No,No,No,1000,1,0,0,0,Yes,No,No,No
4819,No,1000,0,No,No,No,1000,1,0,0,0,Yes,No,No,No
4820,No,10472,0,No,No,No,1000,1,0,0,0,Yes,No,No,No
4821,No,1000,0,No,No,No,1000,1,0,0,0,Yes,No,No,No
4822,No,24299,0,Yes,No,No,21299,11,250,1,0,Yes,No,Yes,No
4823,No,3537,0,No,No,No,1000,1,0,0,0,Yes,No,No,No
4824,No,5702,0,No,No,No,1000,1,0,0,0,Yes,No,No,Yes
4825,No,16194,0,Yes,No,No,6133,3,0,0,0,Yes,No,Yes,No
4826,No,4484,0,No,No,No,1000,1,0,0,0,Yes,No,No,No
4827,No,11553,0,No,No,Yes,11553,8,0,0,0,No,No,Yes,No
4828,No,15366,0,Yes,No,No,15366,3,0,0,0,No,No,Yes,No
4829,No,6296,0,No,No,No,1000,1,0,0,0,Yes,No,No,No
4830,No,1671,0,No,No,No,0,0,0,0,0,No,No,No,No
4831,No,3364,0,No,No,No,0,0,0,0,0,No,No,No,No
4832,No,9205,0,No,No,No,1000,1,0,0,0,Yes,No,No,No
4833,No,1000,0,No,No,No,1000,1,0,0,0,Yes,No,No,No
4834,No,3498,0,No,No,No,100,1,0,0,0,No,No,No,No
4835,No,15070,0,No,Yes,No,15070,3,0,0,0,No,No,Yes,No
4836,No,9973,0,No,No,No,0,0,0,0,0,Yes,No,No,No
4837,No,107805,0,Yes,No,No,107805,11,0,0,0,Yes,No,Yes,No
4838,No,2100,0,No,No,No,2100,4,500,1,0,Yes,No,No,No
4839,No,20273,0,No,No,No,2685,6,2685,6,0,Yes,No,No,Yes
4840,No,28243,0,Yes,No,No,26031,13,0,0,0,Yes,No,Yes,No
4841,No,5093,0,No,No,No,1000,1,0,0,0,Yes,No,No,No
4842,No,5940,0,No,No,No,1500,2,500,1,0,Yes,No,No,No
4843,No,6404,0,No,No,No,1000,1,0,0,0,Yes,No,No,No
4844,No,47789,0,Yes,No,No,47789,10,500,1,0,No,No,Yes,No
4845,No,17721,0,No,No,No,4519,6,3519,5,0,Yes,No,No,No
4846,No,4654,0,No,No,No,0,0,0,0,0,No,No,No,No
4847,No,4728,0,No,No,No,1000,1,0,0,0,Yes,No,No,No
4848,No,6444,0,No,No,No,0,0,0,0,0,Yes,No,No,No
4849,No,1853,0,No,No,No,100,1,0,0,0,No,No,No,No
4850,No,21817,0,Yes,No,No,10580,11,650,3,0,Yes,No,Yes,No
4851,No,17668,0,Yes,No,No,17668,7,0,0,0,No,No,Yes,No
4852,No,62709,0,Yes,No,No,46369,11,0,0,0,Yes,No,Yes,No
4853,No,2250,0,No,No,No,2250,4,0,0,0,Yes,No,No,No
4854,No,1000,0,No,No,No,1000,1,0,0,0,Yes,No,No,No
4855,No,19350,0,No,No,No,1900,4,900,3,0,Yes,No,No,No
4856,No,33846,0,Yes,No,No,33846,23,100,1,0,Yes,No,Yes,Yes
4857,No,12136,0,No,No,No,0,0,0,0,0,Yes,No,No,No
4858,No,1350,0,No,No,No,1350,4,0,0,0,Yes,No,No,No
4859,No,21915,0,Yes,No,No,6964,6,350,2,0,Yes,No,Yes,No
4860,Yes,40832,0,No,No,No,3600,3,0,0,0,Yes,No,No,No
4861,No,3033,0,No,No,No,1000,1,0,0,0,Yes,No,No,No
4862,No,5752,0,No,No,No,0,0,0,0,0,No,No,No,No
4863,No,1100,0,No,No,No,1100,2,0,0,0,Yes,No,No,No
4864,No,3438,0,No,No,No,1000,1,0,0,0,Yes,No,No,No
4865,No,11518,0,No,No,No,0,0,0,0,0,Yes,No,No,No
4866,No,6702,0,No,No,No,1000,1,0,0,0,Yes,No,No,No
4867,No,3000,0,No,No,No,1000,1,0,0,0,Yes,No,No,No
4868,No,5959,0,No,No,No,1000,1,0,0,0,Yes,No,No,No
4869,No,7789,0,No,Yes,No,2549,6,0,0,0,No,No,Yes,No
4870,No,25386,0,Yes,No,No,25386,7,0,0,0,Yes,No,Yes,No
4871,No,1500,0,No,No,No,1500,2,0,0,0,Yes,No,No,No
4872,No,1000,0,No,No,No,1000,1,0,0,0,Yes,No,No,No
4873,No,31000,0,No,No,No,31000,7,0,0,0,Yes,No,No,No
4874,No,723,0,Yes,No,No,723,3,0,0,0,No,No,Yes,Yes
4875,No,9046,0,No,No,No,1375,4,0,0,0,Yes,No,No,Yes
4876,No,1000,0,No,No,No,1000,1,0,0,0,Yes,No,No,No
4877,No,1500,0,No,No,No,1000,1,0,0,0,Yes,No,No,No
4878,No,100,0,No,No,No,100,1,0,0,0,Yes,No,No,No
4879,No,8531,0,No,No,No,2500,4,1500,3,0,Yes,No,No,No
4880,No,5412,0,No,No,No,1000,1,0,0,0,Yes,No,No,No
4881,No,1000,0,No,No,No,1000,1,0,0,0,Yes,No,No,No
4882,No,24405,3966,No,No,No,1000,1,0,0,0,Yes,No,No,No
4883,No,7354,0,No,No,No,0,0,0,0,0,No,No,No,No
4884,No,1000,0,No,No,No,1000,1,0,0,0,Yes,No,No,No
4885,No,14090,0,No,No,No,3550,12,2550,11,0,Yes,No,No,No
4886,No,3106,0,No,No,No,1000,1,0,0,0,Yes,No,No,No
4887,No,5084,0,No,No,No,1000,1,0,0,0,Yes,No,No,Yes
4888,No,1000,0,No,No,No,1000,1,0,0,0,Yes,No,No,No
4889,No,18472,0,Yes,No,No,18472,6,0,0,0,Yes,No,Yes,Yes
4890,No,509,0,No,Yes,No,509,5,0,0,0,Yes,No,Yes,Yes
4891,No,1000,0,No,No,No,1000,1,0,0,0,Yes,No,No,No
4892,No,1147,0,No,Yes,No,1147,5,0,0,0,No,No,Yes,No
4893,No,21441,0,Yes,No,No,16383,4,0,0,0,Yes,No,Yes,No
4894,No,3016,0,No,No,No,1000,1,0,0,0,Yes,No,No,No
4895,No,14187,0,Yes,No,No,8312,4,0,0,0,Yes,No,Yes,Yes
4896,No,14994,0,No,No,No,14994,6,0,0,0,No,No,No,No
4897,No,7108,0,No,No,No,1000,1,0,0,0,Yes,No,No,No
4898,No,1000,0,No,No,No,1000,1,0,0,0,Yes,No,No,No
4899,No,6408,0,No,No,No,0,0,0,0,0,No,No,No,No
4900,No,4398,0,No,No,No,1818,4,818,3,0,Yes,No,No,No
4901,No,9262,0,No,No,No,0,0,0,0,0,No,No,No,No
4902,No,22040,0,No,No,No,1350,3,250,1,0,Yes,No,No,No
4903,No,5860,0,No,No,No,1000,1,0,0,0,Yes,No,No,No
4904,No,6208,0,No,No,No,1200,3,100,1,0,Yes,No,No,No
4905,No,1000,0,No,No,No,1000,1,0,0,0,Yes,No,No,No
4906,No,1000,0,No,No,No,1000,1,0,0,0,Yes,No,No,No
4907,No,5767,0,Yes,No,No,5767,4,0,0,0,No,No,Yes,No
4908,No,647,0,No,No,No,647,4,0,0,0,No,No,No,No
4909,No,1000,0,No,No,No,1000,1,0,0,0,Yes,No,No,No
4910,No,31176,744,Yes,No,No,8100,4,0,0,0,Yes,No,Yes,Yes
4911,No,1000,0,No,No,No,1000,1,0,0,0,Yes,No,No,No
4912,No,5300,0,No,No,No,0,0,0,0,0,No,No,No,No
4913,No,8539,2424,No,No,No,2255,5,0,0,0,Yes,No,No,No
4914,No,1000,0,No,No,No,1000,1,0,0,0,Yes,No,No,Yes
4915,No,20635,0,Yes,No,No,20635,7,0,0,0,Yes,No,Yes,No
4916,No,1000,0,No,No,No,1000,1,0,0,0,Yes,No,No,No
4917,No,39826,0,Yes,No,No,39826,3,0,0,0,Yes,No,Yes,Yes
4918,No,15127,0,Yes,No,No,15127,2,0,0,0,No,No,Yes,Yes
4919,No,17575,0,Yes,No,No,7721,4,0,0,0,Yes,No,Yes,No
4920,No,2940,0,No,No,No,0,0,0,0,0,No,No,No,No
4921,No,1000,0,No,No,No,1000,1,0,0,0,Yes,No,No,No
4922,No,1100,0,No,No,No,1100,2,0,0,0,Yes,No,No,No
4923,No,18614,0,No,No,No,0,0,0,0,0,Yes,No,No,No
4924,No,1260,0,No,No,No,0,0,0,0,0,No,No,No,No
4925,No,1000,0,No,No,No,1000,1,0,0,0,Yes,No,No,No
4926,No,16908,0,No,No,No,400,2,0,0,0,Yes,No,No,No
4927,No,2714,0,No,No,No,0,0,0,0,0,Yes,No,No,No
4928,No,5336,0,No,No,No,1000,1,0,0,0,Yes,No,No,No
4929,No,9860,0,Yes,No,No,9860,5,0,0,0,Yes,No,Yes,No
4930,No,6960,0,Yes,No,No,6960,5,0,0,0,Yes,No,Yes,No
4931,No,9495,0,No,No,No,0,0,0,0,0,No,No,No,No
4932,No,10000,0,No,No,No,10000,1,0,0,0,No,No,No,No
4933,No,2000,0,No,No,No,1000,5,0,0,0,Yes,No,No,Yes
4934,No,462,0,No,No,No,462,4,0,0,0,No,No,No,No
4935,No,7201,0,No,No,No,0,0,0,0,0,Yes,No,No,No
4936,No,14307,0,Yes,No,No,14307,4,0,0,0,No,No,Yes,No
4937,No,22458,0,Yes,No,No,22458,3,0,0,0,Yes,No,Yes,No
4938,No,3732,0,No,No,No,0,0,0,0,0,Yes,No,No,No
4939,No,1050,0,No,No,No,50,1,50,1,0,No,No,No,No
4940,No,2332,0,No,No,No,0,0,0,0,0,No,No,No,No
4941,No,17373,0,Yes,No,No,17373,4,0,0,0,Yes,No,Yes,Yes
4942,No,5010,0,No,No,No,0,0,0,0,0,No,No,No,No
4943,No,140515,0,Yes,No,No,10191,3,0,0,0,No,No,Yes,Yes
4944,No,1258,0,No,No,No,0,0,0,0,0,No,No,No,No
4945,No,13621,0,No,No,No,0,0,0,0,0,No,No,No,No
4946,No,2288,0,No,No,No,0,0,0,0,0,Yes,No,No,No
4947,No,6478,0,No,No,No,0,0,0,0,0,No,No,No,No
4948,No,5000,0,No,No,No,5000,1,0,0,0,No,No,No,No
4949,No,5692,0,No,No,No,0,0,0,0,0,No,No,No,No
4950,No,15357,0,Yes,No,No,15357,4,0,0,0,Yes,No,Yes,Yes
4951,No,2945,0,No,Yes,No,2945,4,0,0,0,No,No,Yes,No
4952,No,8671,0,Yes,No,No,8671,4,0,0,0,Yes,No,Yes,No
4953,No,15452,0,Yes,No,No,15452,3,0,0,0,Yes,No,Yes,No
4954,No,100,0,No,No,No,100,1,0,0,0,Yes,No,No,No
4955,No,6216,0,Yes,No,No,6216,3,0,0,0,No,No,Yes,No
4956,No,7583,0,Yes,No,No,7583,4,0,0,0,Yes,No,Yes,No
4957,No,7537,0,Yes,No,No,7537,4,0,0,0,Yes,No,Yes,Yes
4958,No,15760,0,Yes,No,No,15760,4,0,0,0,Yes,No,Yes,Yes
4959,No,5781,0,Yes,No,No,5781,4,0,0,0,No,No,Yes,Yes
4960,No,8645,0,Yes,No,No,8645,2,0,0,0,No,No,Yes,Yes
4961,No,5057,0,Yes,No,No,5057,2,0,0,0,No,No,Yes,No
4962,No,7509,0,Yes,No,No,7509,3,0,0,0,No,No,Yes,No
4963,No,5660,0,Yes,No,No,5660,2,0,0,0,No,No,Yes,No
4964,No,22679,1000,Yes,No,No,21679,5,0,0,0,Yes,No,Yes,Yes
4965,No,5000,0,No,No,No,5000,1,0,0,0,No,No,No,No
4966,No,18379,0,Yes,No,No,18379,2,0,0,0,Yes,No,Yes,No
4967,No,11188,0,No,No,No,0,0,0,0,0,Yes,No,No,No
4968,No,43,0,No,No,No,43,2,0,0,0,No,No,No,No
4969,No,5000,0,No,No,No,5000,1,0,0,0,No,No,No,No
4970,No,5181,0,Yes,No,No,5181,2,0,0,0,No,No,Yes,No
4971,No,5302,0,Yes,No,No,5302,2,0,0,0,Yes,No,Yes,No
4972,No,5822,0,Yes,No,No,5822,2,0,0,0,No,No,Yes,Yes
4973,No,7935,0,Yes,No,No,7935,5,0,0,0,No,No,Yes,No
4974,No,9662,500,No,No,No,0,0,0,0,0,Yes,No,No,No
4975,No,16131,0,Yes,No,No,16131,4,0,0,0,No,No,Yes,Yes
4976,No,20096,0,Yes,No,No,5122,2,0,0,0,No,No,Yes,No
4977,No,4620,0,No,No,No,0,0,0,0,0,No,No,No,No
4978,No,19660,0,Yes,No,No,19660,3,0,0,0,No,No,Yes,Yes
4979,No,21235,2376,No,No,No,950,3,950,3,0,Yes,No,No,No
4980,No,14550,0,No,No,No,0,0,0,0,0,Yes,No,No,No
4981,No,15304,0,Yes,No,No,15304,2,0,0,0,No,No,Yes,Yes
4982,No,5000,0,No,No,No,5000,1,0,0,0,No,No,No,No
4983,No,15388,0,Yes,No,No,15388,3,0,0,0,Yes,No,Yes,No
4984,No,15377,0,No,No,No,0,0,0,0,0,No,No,No,No
4985,No,500,0,No,No,No,500,1,500,1,0,Yes,No,No,No
4986,No,4718,1050,No,No,No,0,0,0,0,0,Yes,No,No,No
4987,No,9835,0,No,No,No,9835,3,0,0,0,No,No,No,Yes
4988,No,6112,0,No,No,No,0,0,0,0,0,Yes,No,No,No
4989,No,25757,0,Yes,No,No,25757,3,0,0,0,No,No,Yes,Yes
4990,No,6915,0,Yes,No,No,6915,2,0,0,0,No,No,Yes,No
4991,No,3526,0,No,No,No,0,0,0,0,0,Yes,No,No,No
4992,No,14988,0,No,No,No,0,0,0,0,0,No,No,No,No
4993,No,4596,0,No,No,No,0,0,0,0,0,No,No,No,No
4994,No,3938,0,No,No,No,0,0,0,0,0,No,No,No,No
4995,No,2500,1000,No,No,No,0,0,0,0,0,Yes,No,No,No
4996,No,2145,0,No,No,No,0,0,0,0,0,Yes,No,No,No
4997,No,5000,0,No,No,No,5000,1,0,0,0,No,No,No,No
4998,No,3077,0,No,No,No,0,0,0,0,0,No,No,No,No
4999,No,4797,0,No,No,No,0,0,0,0,0,Yes,No,No,No
5000,No,15100,0,Yes,No,No,15100,2,0,0,0,No,No,Yes,Yes
5001,No,10401,0,Yes,No,No,10401,2,0,0,0,No,No,Yes,No
5002,No,5226,0,Yes,No,No,5226,2,0,0,0,No,No,Yes,No
5003,No,4890,0,No,No,No,0,0,0,0,0,Yes,No,No,No
5004,No,227,0,Yes,No,No,227,1,0,0,0,No,No,Yes,No
5005,No,3620,1435,No,No,No,0,0,0,0,0,Yes,No,No,No
5006,No,10013,2436,No,No,No,0,0,0,0,0,Yes,No,No,No
5007,No,4832,0,No,No,No,0,0,0,0,0,Yes,No,No,No
5008,No,500,0,No,No,No,0,0,0,0,0,No,No,No,No
